"Actual_Label","Enseble_Predicted_Label","Correct_Ensemble"
"0","0",TRUE
"0","0",TRUE
"0","0",TRUE
"0","0",TRUE
"1","1",TRUE
"1","1",TRUE
"1","1",TRUE
"1","1",TRUE
"0","0",TRUE
"1","1",TRUE
"1","1",TRUE
"1","1",TRUE
"0","0",TRUE
"0","0",TRUE
"1","0",FALSE
"0","0",TRUE
"0","0",TRUE
"1","1",TRUE
"1","1",TRUE
"1","1",TRUE
"1","1",TRUE
"1","1",TRUE
"0","0",TRUE
"0","0",TRUE
"0","0",TRUE
"0","0",TRUE
"0","0",TRUE
"0","0",TRUE
"1","1",TRUE
"1","1",TRUE
"1","1",TRUE
"0","0",TRUE
"0","0",TRUE
"1","1",TRUE
"1","1",TRUE
"0","0",TRUE
"1","1",TRUE
"0","0",TRUE
"0","1",FALSE
"1","1",TRUE
"1","1",TRUE
"1","1",TRUE
"1","1",TRUE
"1","1",TRUE
"1","1",TRUE
"1","0",FALSE
"1","1",TRUE
"1","1",TRUE
"1","1",TRUE
"0","0",TRUE
"1","1",TRUE
"0","0",TRUE
"0","0",TRUE
"0","0",TRUE
"0","0",TRUE
"1","1",TRUE
"0","0",TRUE
"1","1",TRUE
"0","0",TRUE
"1","1",TRUE
"0","0",TRUE
"1","0",FALSE
"1","1",TRUE
"1","1",TRUE
"0","0",TRUE
"0","0",TRUE
"0","0",TRUE
"0","0",TRUE
"0","0",TRUE
"1","0",FALSE
"0","0",TRUE
"0","1",FALSE
"1","0",FALSE
"0","0",TRUE
"0","0",TRUE
"0","0",TRUE
"0","0",TRUE
"0","0",TRUE
"0","0",TRUE
"0","0",TRUE
"1","1",TRUE
"0","0",TRUE
"0","0",TRUE
"1","1",TRUE
"1","1",TRUE
"0","0",TRUE
"0","0",TRUE
"0","0",TRUE
"0","0",TRUE
"0","0",TRUE
"1","1",TRUE
"0","0",TRUE
"1","1",TRUE
"1","1",TRUE
"1","1",TRUE
"0","0",TRUE
"1","1",TRUE
"0","0",TRUE
"1","1",TRUE
"1","1",TRUE
"1","1",TRUE
"0","1",FALSE
"0","0",TRUE
"1","1",TRUE
"0","0",TRUE
"1","1",TRUE
"0","0",TRUE
"0","0",TRUE
"1","1",TRUE
"1","1",TRUE
"1","1",TRUE
"0","1",FALSE
"1","1",TRUE
"0","0",TRUE
"0","0",TRUE
"0","0",TRUE
"0","0",TRUE
"0","0",TRUE
"1","1",TRUE
"1","1",TRUE
"0","0",TRUE
"0","0",TRUE
"0","0",TRUE
"0","0",TRUE
"1","0",FALSE
"0","0",TRUE
"1","1",TRUE
"1","1",TRUE
"1","1",TRUE
"1","1",TRUE
"1","1",TRUE
"1","1",TRUE
"0","0",TRUE
"1","1",TRUE
"1","1",TRUE
"1","1",TRUE
"1","1",TRUE
"1","1",TRUE
"0","0",TRUE
"1","1",TRUE
"1","1",TRUE
"1","1",TRUE
"1","1",TRUE
"0","1",FALSE
"0","0",TRUE
"1","1",TRUE
"1","1",TRUE
"0","0",TRUE
"1","1",TRUE
"1","1",TRUE
"0","0",TRUE
"1","1",TRUE
"0","0",TRUE
"1","1",TRUE
"1","1",TRUE
"1","1",TRUE
"1","1",TRUE
"0","0",TRUE
"1","1",TRUE
"1","1",TRUE
"0","0",TRUE
"0","1",FALSE
"0","1",FALSE
"0","0",TRUE
"0","0",TRUE
"1","0",FALSE
"0","0",TRUE
"1","1",TRUE
"1","1",TRUE
"1","1",TRUE
"1","1",TRUE
"1","1",TRUE
"1","1",TRUE
"0","0",TRUE
"1","1",TRUE
"0","0",TRUE
"1","1",TRUE
"0","0",TRUE
"0","0",TRUE
"1","1",TRUE
"1","1",TRUE
"0","0",TRUE
"1","0",FALSE
"0","0",TRUE
"0","0",TRUE
"0","0",TRUE
"1","1",TRUE
"1","1",TRUE
"1","1",TRUE
"0","0",TRUE
"1","1",TRUE
"0","0",TRUE
"0","1",FALSE
"0","0",TRUE
"0","0",TRUE
"1","1",TRUE
"1","0",FALSE
"1","1",TRUE
"1","1",TRUE
"1","1",TRUE
"0","0",TRUE
"1","1",TRUE
"1","1",TRUE
"1","1",TRUE
"0","0",TRUE
"0","0",TRUE
"0","1",FALSE
"1","1",TRUE
"1","1",TRUE
"0","0",TRUE
"0","0",TRUE
"1","1",TRUE
"0","0",TRUE
"1","1",TRUE
"1","1",TRUE
"0","0",TRUE
"1","1",TRUE
"1","0",FALSE
"1","1",TRUE
"0","0",TRUE
"0","0",TRUE
"0","0",TRUE
"0","0",TRUE
"1","1",TRUE
"1","1",TRUE
"1","1",TRUE
"0","0",TRUE
"0","0",TRUE
"0","0",TRUE
"0","0",TRUE
"1","1",TRUE
"0","0",TRUE
"0","0",TRUE
"1","1",TRUE
"1","1",TRUE
"0","0",TRUE
"1","1",TRUE
"1","1",TRUE
"0","0",TRUE
"0","0",TRUE
"1","1",TRUE
"1","1",TRUE
"0","0",TRUE
"1","1",TRUE
"1","1",TRUE
"1","1",TRUE
"0","0",TRUE
"1","1",TRUE
"0","0",TRUE
"0","0",TRUE
"0","0",TRUE
"0","0",TRUE
"1","1",TRUE
"1","0",FALSE
"0","0",TRUE
"0","0",TRUE
"1","1",TRUE
"1","1",TRUE
"1","1",TRUE
"0","0",TRUE
"1","1",TRUE
"0","0",TRUE
"0","0",TRUE
"1","1",TRUE
"1","1",TRUE
"0","0",TRUE
"0","0",TRUE
"0","1",FALSE
"1","1",TRUE
"0","0",TRUE
"0","1",FALSE
"0","0",TRUE
"0","0",TRUE
"1","1",TRUE
"0","0",TRUE
"1","0",FALSE
"0","0",TRUE
"1","1",TRUE
"1","1",TRUE
"1","1",TRUE
"0","0",TRUE
"1","1",TRUE
"1","1",TRUE
"1","1",TRUE
"1","1",TRUE
"0","0",TRUE
"1","0",FALSE
"1","1",TRUE
"0","0",TRUE
"0","0",TRUE
"1","1",TRUE
"0","0",TRUE
"0","0",TRUE
"1","1",TRUE
"1","1",TRUE
"0","0",TRUE
"1","1",TRUE
"0","0",TRUE
"0","0",TRUE
"1","0",FALSE
"1","1",TRUE
"0","0",TRUE
"0","1",FALSE
"1","1",TRUE
"1","1",TRUE
"1","1",TRUE
"0","0",TRUE
"1","1",TRUE
"1","1",TRUE
"0","0",TRUE
"1","0",FALSE
"1","1",TRUE
"0","0",TRUE
"0","0",TRUE
"0","0",TRUE
"1","1",TRUE
"0","0",TRUE
"0","0",TRUE
"0","0",TRUE
"0","0",TRUE
"1","0",FALSE
"1","1",TRUE
"0","0",TRUE
"1","1",TRUE
"1","1",TRUE
"1","1",TRUE
"0","0",TRUE
"0","0",TRUE
"0","0",TRUE
"1","1",TRUE
"1","1",TRUE
"0","0",TRUE
"0","0",TRUE
"0","0",TRUE
"0","0",TRUE
"1","1",TRUE
"0","0",TRUE
"1","1",TRUE
"1","1",TRUE
"1","1",TRUE
"1","1",TRUE
"1","1",TRUE
"0","0",TRUE
"1","1",TRUE
"1","1",TRUE
"0","0",TRUE
"0","0",TRUE
"0","0",TRUE
"1","1",TRUE
"1","0",FALSE
"0","0",TRUE
"1","1",TRUE
"0","0",TRUE
"0","0",TRUE
"0","0",TRUE
"0","0",TRUE
"1","1",TRUE
"0","1",FALSE
"0","0",TRUE
"0","0",TRUE
"0","0",TRUE
"0","0",TRUE
"1","0",FALSE
"1","0",FALSE
"0","0",TRUE
"1","1",TRUE
"0","0",TRUE
"0","1",FALSE
"1","1",TRUE
"0","0",TRUE
"0","1",FALSE
"0","0",TRUE
"1","1",TRUE
"1","1",TRUE
"1","0",FALSE
"0","0",TRUE
"0","0",TRUE
"1","0",FALSE
"1","0",FALSE
"1","1",TRUE
"0","1",FALSE
"0","0",TRUE
"0","0",TRUE
"1","0",FALSE
"0","0",TRUE
"1","1",TRUE
"1","1",TRUE
"0","0",TRUE
"0","0",TRUE
"1","1",TRUE
"0","0",TRUE
"0","0",TRUE
"0","0",TRUE
"0","0",TRUE
"1","1",TRUE
"1","1",TRUE
"1","1",TRUE
"0","0",TRUE
"1","1",TRUE
"1","1",TRUE
"1","1",TRUE
"1","1",TRUE
"1","1",TRUE
"0","0",TRUE
"1","1",TRUE
"1","1",TRUE
"0","0",TRUE
"1","1",TRUE
"1","1",TRUE
"1","1",TRUE
"0","0",TRUE
"0","0",TRUE
"1","1",TRUE
"0","0",TRUE
"1","0",FALSE
"1","1",TRUE
"0","0",TRUE
"0","0",TRUE
"0","0",TRUE
"0","0",TRUE
"0","0",TRUE
"0","0",TRUE
"1","1",TRUE
"0","0",TRUE
"0","0",TRUE
"0","0",TRUE
"1","0",FALSE
"0","0",TRUE
"1","1",TRUE
"1","1",TRUE
"1","1",TRUE
"0","0",TRUE
"1","1",TRUE
"1","1",TRUE
"0","0",TRUE
"1","1",TRUE
"0","0",TRUE
"1","1",TRUE
"0","1",FALSE
"0","0",TRUE
"0","0",TRUE
"0","0",TRUE
"0","0",TRUE
"1","1",TRUE
"0","1",FALSE
"1","1",TRUE
"0","0",TRUE
"0","0",TRUE
"1","1",TRUE
"1","1",TRUE
"0","0",TRUE
"0","0",TRUE
"1","1",TRUE
"1","1",TRUE
"1","1",TRUE
"0","0",TRUE
"0","0",TRUE
"0","0",TRUE
"1","1",TRUE
"1","1",TRUE
"1","1",TRUE
"0","0",TRUE
"1","1",TRUE
"0","0",TRUE
"0","0",TRUE
"0","0",TRUE
"1","1",TRUE
"1","1",TRUE
"1","1",TRUE
"1","1",TRUE
"0","0",TRUE
"1","1",TRUE
"1","1",TRUE
"0","0",TRUE
"0","0",TRUE
"1","1",TRUE
"0","0",TRUE
"0","0",TRUE
"0","0",TRUE
"1","1",TRUE
"0","0",TRUE
"1","1",TRUE
"1","1",TRUE
"0","0",TRUE
"1","1",TRUE
"0","0",TRUE
"1","1",TRUE
"1","1",TRUE
"0","0",TRUE
"0","0",TRUE
"1","1",TRUE
"0","0",TRUE
"1","1",TRUE
"1","1",TRUE
"0","0",TRUE
"1","1",TRUE
"1","1",TRUE
"1","1",TRUE
"0","0",TRUE
"0","0",TRUE
"0","0",TRUE
"0","0",TRUE
"1","1",TRUE
"0","0",TRUE
"1","1",TRUE
"0","0",TRUE
"1","1",TRUE
"0","0",TRUE
"1","1",TRUE
"1","1",TRUE
"1","1",TRUE
"0","0",TRUE
"0","0",TRUE
"1","1",TRUE
"1","1",TRUE
"1","0",FALSE
"0","1",FALSE
"0","0",TRUE
"0","0",TRUE
"0","0",TRUE
"0","0",TRUE
"0","0",TRUE
"0","0",TRUE
"0","0",TRUE
"0","0",TRUE
"0","0",TRUE
"1","1",TRUE
"1","1",TRUE
"0","0",TRUE
"1","1",TRUE
"0","1",FALSE
"1","1",TRUE
"1","1",TRUE
"0","0",TRUE
"0","0",TRUE
"0","0",TRUE
"0","0",TRUE
"0","1",FALSE
"1","1",TRUE
"0","0",TRUE
"0","0",TRUE
"1","0",FALSE
"0","0",TRUE
"0","0",TRUE
"1","1",TRUE
"0","1",FALSE
"1","1",TRUE
"0","1",FALSE
"1","1",TRUE
"1","1",TRUE
"0","0",TRUE
"1","1",TRUE
"1","1",TRUE
"1","1",TRUE
"0","0",TRUE
"1","1",TRUE
"1","1",TRUE
"0","0",TRUE
"0","0",TRUE
"0","1",FALSE
"0","0",TRUE
"1","1",TRUE
"0","0",TRUE
"1","1",TRUE
"1","1",TRUE
"0","0",TRUE
"1","1",TRUE
"1","1",TRUE
"1","1",TRUE
"1","1",TRUE
"0","0",TRUE
"1","1",TRUE
"0","0",TRUE
"1","0",FALSE
"1","1",TRUE
"0","0",TRUE
"0","0",TRUE
"0","0",TRUE
"0","0",TRUE
"0","1",FALSE
"0","0",TRUE
"1","1",TRUE
"1","1",TRUE
"0","0",TRUE
"0","0",TRUE
"1","1",TRUE
"1","1",TRUE
"1","1",TRUE
"0","0",TRUE
"1","0",FALSE
"1","1",TRUE
"1","1",TRUE
"1","0",FALSE
"0","0",TRUE
"0","0",TRUE
"0","0",TRUE
"1","1",TRUE
"1","1",TRUE
"0","0",TRUE
"0","1",FALSE
"0","0",TRUE
"1","1",TRUE
"1","1",TRUE
"1","1",TRUE
"0","0",TRUE
"0","0",TRUE
"1","1",TRUE
"1","1",TRUE
"0","0",TRUE
"0","0",TRUE
"1","1",TRUE
"1","1",TRUE
"0","0",TRUE
"0","0",TRUE
"1","1",TRUE
"0","0",TRUE
"1","0",FALSE
"0","0",TRUE
"0","0",TRUE
"0","0",TRUE
"1","1",TRUE
"0","0",TRUE
"0","0",TRUE
"0","1",FALSE
"0","0",TRUE
"1","1",TRUE
"0","0",TRUE
"1","1",TRUE
"0","0",TRUE
"1","0",FALSE
"0","0",TRUE
"1","1",TRUE
"0","1",FALSE
"0","0",TRUE
"1","1",TRUE
"0","0",TRUE
"0","0",TRUE
"1","1",TRUE
"0","0",TRUE
"1","1",TRUE
"0","0",TRUE
"1","1",TRUE
"0","0",TRUE
"1","1",TRUE
"1","1",TRUE
"0","0",TRUE
"0","0",TRUE
"0","0",TRUE
"1","1",TRUE
"0","0",TRUE
"1","1",TRUE
"1","0",FALSE
"0","0",TRUE
"1","1",TRUE
"0","0",TRUE
"0","0",TRUE
"0","0",TRUE
"0","1",FALSE
"1","1",TRUE
"0","0",TRUE
"1","1",TRUE
"0","0",TRUE
"1","1",TRUE
"1","1",TRUE
"0","0",TRUE
"0","0",TRUE
"0","1",FALSE
"0","0",TRUE
"1","0",FALSE
"1","1",TRUE
"0","0",TRUE
"1","0",FALSE
"1","1",TRUE
"1","1",TRUE
"0","0",TRUE
"0","0",TRUE
"1","1",TRUE
"0","1",FALSE
"0","0",TRUE
"0","0",TRUE
"1","1",TRUE
"1","1",TRUE
"1","1",TRUE
"0","0",TRUE
"1","1",TRUE
"1","1",TRUE
"1","1",TRUE
"0","0",TRUE
"1","1",TRUE
"0","0",TRUE
"1","1",TRUE
"0","0",TRUE
"1","1",TRUE
"0","0",TRUE
"0","0",TRUE
"1","1",TRUE
"0","0",TRUE
"1","1",TRUE
"0","0",TRUE
"1","1",TRUE
"1","0",FALSE
"0","0",TRUE
"0","0",TRUE
"1","1",TRUE
"1","1",TRUE
"1","1",TRUE
"0","0",TRUE
"1","1",TRUE
"0","0",TRUE
"0","0",TRUE
"1","0",FALSE
"0","0",TRUE
"1","1",TRUE
"1","1",TRUE
"0","0",TRUE
"0","0",TRUE
"1","0",FALSE
"1","1",TRUE
"1","1",TRUE
"1","1",TRUE
"1","1",TRUE
"1","1",TRUE
"0","0",TRUE
"1","1",TRUE
"0","0",TRUE
"0","0",TRUE
"1","1",TRUE
"1","0",FALSE
"0","0",TRUE
"1","1",TRUE
"1","1",TRUE
"0","0",TRUE
"1","1",TRUE
"0","0",TRUE
"0","0",TRUE
"0","0",TRUE
"1","1",TRUE
"1","1",TRUE
"1","0",FALSE
"0","0",TRUE
"0","0",TRUE
"1","1",TRUE
"1","1",TRUE
"0","0",TRUE
"1","1",TRUE
"0","0",TRUE
"0","0",TRUE
"1","1",TRUE
"0","0",TRUE
"1","1",TRUE
"0","0",TRUE
"1","1",TRUE
"0","0",TRUE
"1","1",TRUE
"0","1",FALSE
"0","0",TRUE
"1","1",TRUE
"1","0",FALSE
"1","1",TRUE
"1","1",TRUE
"0","0",TRUE
"0","0",TRUE
"0","0",TRUE
"0","0",TRUE
"1","1",TRUE
"1","1",TRUE
"0","0",TRUE
"0","0",TRUE
"0","0",TRUE
"0","1",FALSE
"1","1",TRUE
"1","0",FALSE
"1","1",TRUE
"1","1",TRUE
"1","1",TRUE
"1","1",TRUE
"1","1",TRUE
"0","0",TRUE
"0","0",TRUE
"1","1",TRUE
"0","0",TRUE
"0","0",TRUE
"0","0",TRUE
"1","1",TRUE
"1","1",TRUE
"1","1",TRUE
"0","0",TRUE
"1","1",TRUE
"1","1",TRUE
"0","0",TRUE
"1","1",TRUE
"1","0",FALSE
"0","0",TRUE
"0","1",FALSE
"0","0",TRUE
"1","1",TRUE
"0","0",TRUE
"0","0",TRUE
"0","0",TRUE
"1","0",FALSE
